Name,Phone number,address
Bhairodev Food Corner,"""07947228700""","Shop No-J-33, Lajpat Nagar 2, Delhi - 110024"
Radhey Krishna Cholay Bhatu..,"""07947213993""","289, A.G.C.R Enclave, Karkardooma, Delhi - 110092, Near Easy Day"
Punjabi Angithi,"""07947219981""","Shop No, 32-22, A-4 DDA Market, Paschim Vihar, Delhi - 110063, Near Balaji Action Hospital & Saakshara Appartment"
Singlas,"""07947229511""","50 N.W.A, Club Road, Punjabi Bagh, Delhi - 110026"
The Koolcha Station,"""+(91)-11-66103632""","Shop No-12,A-4 Block DDA Gol Market, Paschim Vihar, Delhi - 110063, Near Pashim Vihar East Metro Station"
Karnataka Restaurant,"""07947214855""","60/5, Yusuf Sarai-green Park, Delhi - 110016, Opposite Gurudwara, Near Green Park Metro Station"
Apni Rasoi,"""+(91)-9152597215""","G 7/188, 16-17 Dividing Road, Rohini Sector 16, Delhi - 110089"
Apni Rasoi,"""+(91)-8860522701""","A 2 Ganesh Nagar Nr Mother Dairy, Ganesh Nagar, Delhi - 110092"
Punjabi Angithi,"""07947229699""","Shop No 31 & 32, DDA Market, Rohini, Delhi - 110085, Sector 16"
Mehak Dhaba,"""+(91)-9871211201""","Shop No G-17/18, Malik Bulcom Plaza-2, Pocket-5, Dwarka Sector 12, Delhi - 110078, Near Km Chowk"
Punjabi Angithi,"""07947229699""","Shop No 31 & 32, DDA Market, Rohini, Delhi - 110085, Sector 16"
Anand Vaishno Dhaba,"""+(91)-8586829402""","C-81/3, Main Wazirabad Road, Bhajan Pura, Delhi - 110053, Near Bhajanpura Bus Stand"
Madan Sweets & Restaurant,"""07947212173""","Third K 23, Rakesh Marg, Nehru Nagar, Delhi - 110065"
The Koolcha Station,"""+(91)-11-66103632""","Shop No-12,A-4 Block DDA Gol Market, Paschim Vihar, Delhi - 110063, Near Pashim Vihar East Metro Station"
Apni Rasoi,"""+(91)-9152597215""","G 7/188, 16-17 Dividing Road, Rohini Sector 16, Delhi - 110089"
Karnataka Restaurant,"""07947214855""","60/5, Yusuf Sarai-green Park, Delhi - 110016, Opposite Gurudwara, Near Green Park Metro Station"
Mehak Dhaba,"""+(91)-9871211201""","Shop No G-17/18, Malik Bulcom Plaza-2, Pocket-5, Dwarka Sector 12, Delhi - 110078, Near Km Chowk"
Swami Ji Shakti Sagar,"""07947219131""","Rz- 132,, Rajapuri Road, Uttam Nagar, Delhi - 110059, Near Sunil Dairy, Santosh Park"
Chacha Chaudhary Express Bu..,"""07947239344""","857 Ground Floor, Main Road, Mukherjee Nagar, Delhi - 110009, Near Munafa Mart"
The Sanjha Chulha Unique Ta..,"""07947239918""","Shop No-6 WZ-55, Jawala Heri Market, Paschim Vihar, Delhi - 110063, Near S.B.I ATM"
Taste Of Fire,"""+(91)-9540205075""","Shop No 8, Dr Mukherjee Nagar, delhi - 110009"
Happy Tummy,"""07947225912""","G-8,9,10 Plot No.1 United Plaza, Karkardooma, Delhi - 110092"
Shudh Annapurna,"""07947210255""","T-2506, Opp 7 Naiwala, Karol Bagh, Delhi - 110005, Ilahi Bux Road"
Bell Pepperz Restaurant,"""07947209793""","A 4, Community Centre, Ashok Vihar 2, Delhi - 110052, OPP Satyawati College"
Rai Singh Amritsari Kulcha,"""+(91)-7419333555""","Shop 59 & 60, B Block, MSP Mall, Dsidc, Narela Industrial Area, Delhi - 110040"
Oh My Gopala,"""+(91)-11-40198324""","G-9, Marina Arcade , Outer Circle, Connaught Place, Delhi - 110001, Near Radison Blu,"
Gyano Express,"""07947233405""","Shop Number 190, Devli Road, Khanpur, Delhi - 110062, Infront Of Khazani Education Society"
Raj Take Away & Family Rest..,"""07947227437""","Shop No 1, Main Matiala Road, Matiala, Delhi - 110059, Near Hari Krishna Grand Banquet"
Mela Restaurant & Bar-Vikas..,"""07947215955""","G-6, Community Center, Vikaspuri, Delhi - 110018, PVR Cinema"
Punjabi Angithi,"""07947230664""","B20, Metro Station, Sector 16, Sector 16 , Noida, Noida - 201301, Near Sector 16"
New Sanjhi Rasoi,"""07947212811""","Shop No-23, Palam Dabri Road, Mahavir Enclave, Delhi - 110045, Chaudhary Harphool Singh Market"
Shudh Annapurna,"""07947210255""","T-2506, Opp 7 Naiwala, Karol Bagh, Delhi - 110005, Ilahi Bux Road"
Shiv Indian & Chinese Cuisi..,"""07947218447""","B 39, Kalkaji, Delhi - 110019, Near HDFC Bank"
Food Sixteen,"""07947215937""","Plot No-A-16, Gtk Road, Adarsh Nagar, Delhi - 110033, Near Adarsh Nagar Metro Station"
Rai Singh Amritsari Kulcha,"""+(91)-7419333555""","Shop 59 & 60, B Block, MSP Mall, Dsidc, Narela Industrial Area, Delhi - 110040"
La Taj Hospitality Services,"""+(91)-129-4004355""","Scf-151, ,Huda Shopping Complex, Main Market, Faridabad Sector 37, Faridabad - 121001"
Gyano Express,"""07947233405""","Shop Number 190, Devli Road, Khanpur, Delhi - 110062, Infront Of Khazani Education Society"
Food Forest Sweets & Restau..,"""+(91)-9873573333""","619/10, Main Road, Chattarpur, Delhi - 110074, Opposite Tivoli Garden"
Desi Punjabi Dhaba,"""07947233149""","WZ 963, Gurudwara Street, Rani Bagh, Delhi - 110034, Rani Bagh Main Bazar"
Turban Tadkaa,"""+(91)-8800848284""","5-h/55, Nit 5, New Industrial Township 5-Faridabad NIT, Faridabad - 121001, Near Easy Day & Lenskart"
Vaishno Amritsari Naan,"""07947230368""","Shop No 3 Lsc Market, Mayur Vihar Phase 1, Delhi - 110091, Near Jeenvan Hospital"
Punjabi Angithi,"""07947230664""","B20, Metro Station, Sector 16, Sector 16 , Noida, Noida - 201301, Near Sector 16"
Raj Take Away & Family Rest..,"""07947227437""","Shop No 1, Main Matiala Road, Matiala, Delhi - 110059, Near Hari Krishna Grand Banquet"
Kesar Pure Veg,"""+(91)-011-45065500""","G-3, Aggarwal Chamber, Sainik Vihar-Pitampura, Delhi - 110034, Opposite Keshav Mahavidyalaya"
Rudrapriy Restaurant  Roof ..,"""07947230127""","PK- A-2, Sector 122, Noida - 201307"
Madan Sweets & Restaurant,"""07947212173""","Third K 23, Rakesh Marg, Nehru Nagar, Delhi - 110065"
Vaishnav Dhabha,"""+(91)-9999167378""","102/B, Mathura Road, Ashram, Delhi - 110014, Near Ashram Chowk"
Wah Ji Wah Restaurant,"""+(91)-124-4274443""","Shop No-306-7A/6, Opp. Government Girls School, Sadar Bazar, gurgaon - 122001, Sadar Bazar"
Yu Turn Restaurant,"""07947209786""","R-2, YMCA Complex, Greater Noida, Noida - 201310, Opposite Jaypee Resort"
Shiv Indian & Chinese Cuisi..,"""07947218447""","B 39, Kalkaji, Delhi - 110019, Near HDFC Bank"
Rai Singhs Amritsari Kulcha..,"""07947219528""","Plot Number 20, Ishwar Colony, Main Delhi Road, Bawana, Delhi - 110039, Near Dsiidc Office"
Gyano Express,"""07947233405""","Shop Number 190, Devli Road, Khanpur, Delhi - 110062, Infront Of Khazani Education Society"
Rai Singh Amritsari Kulcha,"""+(91)-7419333555""","Shop 59 & 60, B Block, MSP Mall, Dsidc, Narela Industrial Area, Delhi - 110040"
Vrindavan Sweets & Restaura..,"""+(91)-11-26363936""","A-3, Main Suraj Kund Road, Pul Prahladpur, Delhi - 110044, Near Ramleela Ground"
Food Forest Sweets & Restau..,"""+(91)-9873573333""","619/10, Main Road, Chattarpur, Delhi - 110074, Opposite Tivoli Garden"
Mela Restaurant & Bar-Vikas..,"""07947215955""","G-6, Community Center, Vikaspuri, Delhi - 110018, PVR Cinema"
Standard Punjabi Food,"""+(91)-9891040665""","E-93 GF, Main Road, Lajpat Nagar 1, Delhi - 110024"
Yu Turn Restaurant,"""07947209786""","R-2, YMCA Complex, Greater Noida, Noida - 201310, Opposite Jaypee Resort"
Kailash Family Restaurant,"""+(91)-8860677514""","Plot No -1203 Gate No-1, Main Road, Vasundhara Sector 5, Ghaziabad - 201012, Opposite  One Mart Mall"
Kamal Sweets & Restaurant,"""+(91)-9718202002""","C 31 Gurudwara Road, Street No.13, Madhu Vihar-Patparganj, Delhi - 110092"
Kamal Sweets & Restaurant,"""+(91)-9718202002""","C 31 Gurudwara Road, Street No.13, Madhu Vihar-Patparganj, Delhi - 110092"
The Hubbub Cafe & Restauran..,"""+(91)-11-26566219""","Jia Sarai-IIT Delhi, Delhi - 110016, Near Iit Gate Hauz Khas"
Cafe Masala-city Park Resor..,"""+(91)-8802224222""","Ghevra , Mundka, Mundka, Delhi - 110041, Near Ghevra Metro Station"
Family Food Corner,"""+(91)-7557556946""","D-36, Solanki Market, Dwarka More, Delhi - 110059"
Bite N Sip Restaurant,"""+(91)-11-26712409""","UG 58-59, Ansal Chamber 2, Bhikaji Cama Place, Delhi - 110066"
Foji Dhaba,"""+(91)-9350522286""","15B Nagali Razapur, Near Sarai Kale Kha, Nizamuddin, Delhi - 110013, Near Nijamuddin Railway Station"
Billu Chaap Express,"""+(91)-8818040404""","G - 1 , Anand Plaza, Pitampura, Delhi - 110034, Local Shopping Market"
Diners Den,"""+(91)-11-43382828""","30/5 Ground floor, Nagia park, Shakti Nagar, Delhi - 110007"
Veg Daawat,"""+(91)-9643056799""","Shop No. 276, Pocket 6, Rohini Sector 2, Delhi - 110085, Opp. Burger  Junction"
Vaishno Amritsaari Naan,"""+(91)-011-22723189""","G-12, Aggarwal Tower, Patparganj, Delhi - 110092, Near Ajanta Market, Near AVB Public School, IP Extension"
SGF Family Restaurant,"""+(91)-8750505151""","Shop No 4, Orthoplus Hospital Gali, Gopal Nagar, delhi - 110043, Main Khaira Chowk"
Rimjhim Dhaba,"""+(91)-9837333844""","Nh 58, Delhi Meerut Road, Murad Nagar Town, Ghaziabad - 201206, Opposite Abupur Gate"
Apni Rasoi,"""+(91)-9667722201""","KH-137/16/2, A1-Block, Burari, Delhi - 110084, Near Sant Hospital,100 Foota Main Road"
Beni The Zaika Queen,"""+(91)-9599630051""","Shop No 1, Apex The Florus, Vasundhara Sector 18, Ghaziabad - 201012"
Shiv Da Dhaba,"""+(91)-11-40384103""","B-90-B Ground Floor, Main Road Kalkaji, Kalkaji, Delhi - 110019, Near HDFC Bank"
Veg Leaf,"""+(91)-9999185774""","B-5, B Block Market, Sector- 19, Noida - 201301, Near Post Office"
The Hubbub Cafe & Restauran..,"""+(91)-11-26566219""","Jia Sarai-IIT Delhi, Delhi - 110016, Near Iit Gate Hauz Khas"
Family Food Corner,"""+(91)-7557556946""","D-36, Solanki Market, Dwarka More, Delhi - 110059"
Dilli 6,"""+(91)-0120-4222044""","128 Ground Floor, Main Road Near Priyagold Building, Naya Bans Village, Noida - 201301, Near Noida Sector 15"
Happy King Restaurant,"""+(91)-8059046978""","Shop No A21, New Palam Vihar Phase 2, Gurgaon - 122017, Opp. Bajghera Police Station"
Family Food Corner,"""+(91)-7557556946""","D-36, Solanki Market, Dwarka More, Delhi - 110059"
The Hubbub Cafe & Restauran..,"""+(91)-11-26566219""","Jia Sarai-IIT Delhi, Delhi - 110016, Near Iit Gate Hauz Khas"
Jhilmil Dhaba,"""+(91)-7500900027""","National Highway 58, Delhi Meerut Main Road, Murad Nagar, Ghaziabad - 201206, Near Ganga Neher"
Raju Vaishnav Dhaba,"""+(91)-011-26289054""","Shop No.1 DDA Market, Main Road Garhi, East Of Kailash, Delhi - 110065, Opp ISKCON Temple"
Sharma DHABA,"""+(91)-9899164474""","487/110, Khasra Number -487, Peera Garhi, Delhi - 110087, Nearby Ramleela Ground"
Hotel Saravana Bhavan,"""+(91)-11-23345577""","P-13/90, Main Road, Connaught Place, Delhi - 110001, Near Madras Hotel, Outer Circle"
Old Rao Hotel,"""+(91)-9992317800""","National Highway-8, Sidhrawali, Gurgaon - 122413, Near BML  Munjal University"
Hotel Saravana Bhavan,"""+(91)-11-23317755""","50, Janpath, Delhi - 110001, Near Palika Bazaar"
Roshan Di Kulfi,"""+(91)-11-28724230""","Shop No-2816, Ajmal Khan Road, Karol Bagh, Delhi - 110005, Near Gaffar Market"
Haldirams,"""+(91)-11-47685111""","Shop No 1454/2, Ground Floor, Chandni Chowk, Delhi - 110006, Near Fountain"
Apni Rasoi,"""+(91)-9958602508""","D 125 ,126first Floor, Park Hospital Road, Gurgaon Sector 49, Gurgaon - 122018, Opposite Goodearth City Centre Mall, Near Malibutown Residence"
Bikanervala (Weddingz.in Pa..,"""+(91)-0124-4337777""","Plot No 3-4 & 5, Gurgaon Sector 29, Gurgaon - 122002, Near Leisure Valley Park, Dlf City Center"
Singlas,"""07947210897""","A-139/140, Main Road, Madhu Vihar-patparganj, Delhi - 110092, I P Extension"
Imly,"""+(91)-11-25713000""","Shop No- F-20, Rajendra Place, Delhi - 110008, Near Hog Market"
Sagar Ratna,"""+(91)-11-24333688""","Shop Number-24, Ground Floor, Defence Colony, Delhi - 110024, Near Defence Colony Market"
Haandi Pure Veg,"""+(91)-0120-4243666""","LGF 06,Jaipuria Sunrise  Plaza, Mall Road, Ahinsa Khand 2-indirapuram, Ghaziabad - 201014, Behind SRS Cinemas Jaipuria Mall"
Naivedyam Restaurant,"""+(91)-124-4049810""","Second Floor,Vipul Square Building, Sushant Lok Phase 1, Gurgaon - 122002, Near Galeriya Market, B Block"
Amritsari Food And Caterers,"""+(91)-9999174277""","Shop Number- 70 G, Kala Patthar Road, Nyay Khand 2-indirapuram, Ghaziabad - 201014, Opposite Nathu Sweets"
Kwality Dhaba,"""+(91)-011-25133056""","WZ-38, Ashok Nagar, Delhi - 110018, Near Uggarsain Market"
Apsara Restaurant & Caterer..,"""+(91)-011-27883940""","B-1/113, Rohini Sector 17, Delhi - 110085, Opposite Petrol Pump"
Wah Ji Wah Restaurant,"""+(91)-7042533824""","Shop Number 25/1, Double Storey, Ashok Nagar, Jail Road, Ashok Nagar, Delhi - 110018, Near Tilak Nagar Metro Station"
Sagar Ratna Restaurant,"""+(91)-11-27212525""","B-2/1, Ground Floor, Ashok Vihar 2, Delhi - 110052, Near Satyawati College"
Kake Di Hatti,"""+(91)-011-43552754""","654-655, Church Mission Road, Fatehpuri, Delhi - 110006"
Sagar Ratna,"""+(91)-11-41582937""","Shop Number  C1, Vikaspuri, Delhi - 110018, Near New Krishna Park & Opposite Piccadilly & Hilton Hotel Janakpuri West Metro Station Gate Number"
Apni Rasoi,"""+(91)-0124-2566088""","U-16, Ewf Building, Shop Number- 1 & 2, Main Road, Dlf City Phase 3, Gurgaon - 122010, Near Block-U, Sector-24"
Wah Ji Wah Restaurant,"""+(91)-011-47656978""","B 35, Laxmi Nagar, Delhi - 110092, Opposite V3S Mall, Gurunanak Pura"
New Madras Cafe,"""+(91)-0120-4122701""","Shop No A-1, Mahagun Mannsion, Kala Pathar Road, Vaibhav Khand-indirapuram, Ghaziabad - 201014, Opposite Gaur Green City"
Sagar Ratna,"""+(91)-11-23412470""","K-15, Ground Floor, Connaught Place, Delhi - 110001, Near Outer Circle, Near Pvr Plaza & Metro Station Gate Number 2"
Naivedyam Restaurant,"""+(91)-11-49875177""","Shop Number-1, Hauz Khas, Delhi - 110016, Hauz Khas Village,Near Deer Park"
Sagar Ratna,"""+(91)-11-42141530""","G-86, Vikas Marg, Preet Vihar, Delhi - 110092, Near Preet Vihar Metro Station"
Punjabi Rasoi,"""+(91)-11-27055757""","Shop Number- D-12/187-188, Main Road, Rohini Sector 7, Delhi - 110085, Near Metro Pillar Number-408"
Rana Dhaba,"""+(91)-8377831483""","G-39 A, Noida Sector 22, Noida - 201301, G-Block, Near Axis Bank ATM"
Carnatic Cafe Home Style So..,"""+(91)-011-41008630""","Ground Floor, India Mall, New Friends Colony, Delhi - 110025, Near Community Centre"
Wah Ji Wah Restaurant,"""+(91)-9899817721""","B-12/5, Rohini Sector 14, Prashant Vihar, Delhi - 110085, Near CRPF School"
Sardarji Malai Chaap Wale,"""+(91)-7838479999""","Shop Number 186, Main Road, Kalkaji, Delhi - 110019, Near Govind Puri Metro Station"
Jetha Lal Ka Dhaba.,"""+(91)-9871079734""","Shop No  U-9/50., U Block, Dlf City Phase 3, Gurgaon - 122010, Near Airtel Store, U-block"
Shri Ram Traditional Indian..,"""+(91)-124-4278885""","Shop Number- 23, Sohna Road, Gurgaon - 122001, Opposite Omax Mall, Sector 48"
Naivedyam Restaurant,"""+(91)-011-26236364""","F-12, Main Road, Kalkaji, Delhi - 110019, Near Desh Bandhu College"
Chindambarams New Madras Ho..,"""+(91)-011-24611726""","Shop Number-7, Lodhi Colony, Delhi - 110003, Khanna Market, Near Maternity Hospital"
Naivedyam Restaurant,"""+(91)-11-25862929""","Door No-25/35, Main Road, East Patel Nagar, Delhi - 110008, Near Radha Krishan Mandir, Lila Ram Market"
Mithaas Sweets & Restaurant..,"""+(91)-120-4574447""","G - 20 & 21, Aashirwad Complex, Noida Sector 53, Noida - 201301, Opposite Shivalik Hospital"
Sagar Ratna,"""+(91)-0120-4201464""","Shop Number-49-50, Ansal Fortune Arcade, Noida Sector 18, Noida - 201301, Near HDFC Bank, Opposite Max Hospital"
Kuddu Di Rasoi,"""+(91)-9891077627""","Shop No G1,G2, Dwarka Sector 11, Delhi - 110075, Near Manish Market,Pocket-2"
Naivedyam Restaurant,"""+(91)-0120-4223608""","H-1a/17, First Floor, Noida Sector 63, Noida - 201307, Near Fortis Hospital & Ginger Hotel"
Wah Ji Wah Restaurant,"""+(91)-11-47075701""","A 2 Block, Dda Market, Shop No 11 Csc, Paschim Vihar, Delhi - 110063, Near By Mother Dairy"
Chaska Restaurant,"""+(91)-011-27346081""","G-6, Gu Block, Maya Complex, Pitampura, Delhi - 110034, Near Adarsh Maharaja Agarsen School"
Angan Restaurant,"""+(91)-11-45002525""","10181/82, Arya Samaj Road, Karol Bagh, Delhi - 110005, Near Bikanerwala"
Shri Radha Ki Rasoi,"""+(91)-011-43090393""","B-222, Dwarka Sector 7, Delhi - 110075, Near Palam Extenstion-1, Near ICICI Bank"
Naivedyam Restaurant,"""+(91)-124-4109810""","Shop No 41, Golf Course Extension Road, Sohna Road, Gurgaon - 122001, Vatika City Market, Sector-49"
The Dhaba,"""+(91)-120-4988748""","Shop Number H-11, Galleria Market, Crossing Republik, Ghaziabad - 201016, Near Golf Course"
Kadimi Foods Pvt Ltd,"""+(91)-11-45502737""","Building Number - C - 5A, Shop Number - 1 & 2, Janakpuri, Delhi - 110058, Near Kadimi Market, Near Central Jail, Gate Number 4"
Sona Sweets & Shri Udipi Re..,"""+(91)-011-26215237""","Shop No 27, Saraswati House 27, Nehru Place, Delhi - 110019, Nr Bank Of Baroda"
Sagar Ratna,"""+(91)-11-42143593""","A-6/7, Chaudhary Balbir Singh Marg, Paschim Vihar, Delhi - 110063, Near Jwala Heri Market"
Jaiveer Naan & Chaap,"""+(91)-011-49055909""","BG-8,Shop Number-8, Paschim Vihar, Delhi - 110063, Near Jalebi Chowk,DDA Market"
Kali Ghata Mishthan Bhandar..,"""+(91)-9205150220""","Shop Number - F 146, Arya Samaj Road, Uttam Nagar, Delhi - 110059"
Apni Rasoi,"""+(91)-9953304900""","F-18, Hudson Lane, Vijay Nagar, Delhi - 110009, Opposite Ndpl Office"
Chitrakut Restaurant,"""+(91)-011-27487687""","Shop No-30, AD Market, Shalimar Bagh, Delhi - 110088, Near MTNL Office"
Southy,"""+(91)-8454848884""","Super Mart 2 , Kasera 505-506 , Sector 43 , Gurgaon, DLF Phase 4, Gurgaon - 122002"
Chaap Kitchen Restaurant,"""+(91)-011-40041618""","Shop No. E-124, Lajpat Nagar 4, Delhi - 110024, Near Amar Colony, Near Tagore International School"
Zaika E Dilli,"""+(91)-9711343600""","C- 9/17, Main Road, Yamuna Vihar, Delhi - 110053, Opposite Pratibha School"
Wah Ji Wah Restaurant,"""+(91)-9289868607""","9 Community Centre, Shop No 1, Ashok Vihar 2, Delhi - 110052, Near Satya Wati College, Invitation Market"
Udupi Krishna Restaurant Pv..,"""+(91)-0120-4376813""","Shop Number-69, Main Road, Navyug Market, Ghaziabad - 201011, Near SBI Bank & Ambedkar Park"
Sagar Ratna (The Ashok Hote..,"""+(91)-011-26888242""","C/O The Ashok Hotel, 50 B, Chanakya Puri, Delhi - 110021, ITDC, Diplomatic Enclave"
Prasadam,"""+(91)-11-22421010""","G-57, Vikas Marg, Laxmi Nagar, Delhi - 110092, Near Metro Pillar Number-41 and Walia Nursing Home"
SWAD - Desh Videsh Ka,"""+(91)-11-40074156""","Shop Number 43  Ground Floor  Chiranjivi Tower, Nehru Place, Delhi - 110019, Near Satyam Cinemas and Eros Hotel"
Haldirams,"""+(91)-9650871115""","3rd Floor, Shop Number- 309,310 Ambience Mall, Delhi Jaipur Highway, Gurgaon Sector 15 Part 2, Gurgaon - 122001, National Highway -8, Next to Toll Plaza"
Bhimsains Bengali Sweet Hou..,"""+(91)-011-23311855""","Shop Number 27 to 29, Bengali Market, Delhi - 110001"
Jai Vaishno Rasoi,"""+(91)-11-27867053""","Shop Number- 6, Prashant Vihar, Delhi - 110085, Near Dda Market, B Block Market, Opposite Crpf School"
Southy Restaurant,"""+(91)-011-45547666""","Shop Number 65, Mall Road, Kingsway Camp, Delhi - 110009, Near GTB Nagar Metro Station Gate Number- 1, Kingsway Camp"
Ganeshwaram Restaurant,"""+(91)-9871791975""","SD 155 - 156, Noida Ho, Noida - 201301, Near SD Block , Sadarpur , Noida Sector 45"
Wah Ji Wah Restaurant,"""+(91)-011-41091104""","K-3/4, Main Road, Saket, Delhi - 110017, Near Gyan Bharti School"
Govardhan Vegeterian,"""+(91)-11-26513961""","84, Shri Aurobindo Marg, Adchini-Sarvodaya Enclave, Delhi - 110017, Near IIT"
The Masala Trail,"""+(91)-011-43593000""","52, Janpath Road, Janpath, Delhi - 110001, Near Sarvana Bhawan"
Neelgiri Restaurant,"""+(91)-11-22756548""","P 19/20, First Floor, Mayur Vihar Phase 1, Delhi - 110091, Above Aggarwal Sweets, Pandav Nagar"
Dasaprakash Restaurant,"""+(91)-9693969371""","H No HA-106, Main Road, Noida Sector 104, Noida - 201304, Opposite Internationl Pathway School, Hajipur Village"
Sagar Ratna,"""+(91)-11-45380683""","Building Number-2  Odeon Plaza  3rd Floor, Dwarka Sector 6, Delhi - 110075, Near Dwarka Sector 11 Sport Complex"
Green Lounge Restaurant,"""+(91)-011-47354589""","G 39 -  43, & Lg 1 & 2 , Aggarwal City Mall, Road Number 44, Rani Bagh, Delhi - 110034, Opposite M2k Cinema Hall"
Gulab Rewri Gulab Wala,"""+(91)-9310160006""","Plot No 5, Main Road, Madhuban Chowk, Delhi - 110085, Near Metro Pillar Number 352"
New Punjabi Rasoi,"""+(91)-9540312059""","Shop No 2, Pckt -25, Rohini Sector 24, Delhi - 110085, Near Bala Ji Bagosha Mandeer"
Apni Rasoi,"""+(91)-9990477605""","Shop Number 1, Ashok Vihar 3, Delhi - 110052, Opposite Croma Electronics Near Dominos Pizza  DDA Market  Pocket B"
Veg Always Family Restauran..,"""+(91)-0120-4275666""","Shop Number G-127 & 128, Neelkanth Plaza, Commercial Belt, Greater Noida, Noida - 201310, Near Axis Bank & Garhwal Paneer"
Bikanervala,"""+(91)-0124-2334444""","Sco No-26 & 29, Old Delhi Road, Gurgaon Sector 12a, Gurgaon - 122001, Huda Market, Opposite Telephone Exchange"
Priyanshi South Indian Fast..,"""+(91)-011-49841682""","H-43, Vikas Marg, Laxmi Nagar, Delhi - 110092, Near Sbi Atm"
Himalaya Sagar,"""+(91)-011-28566056""","A-1, Milap Nagar-uttam Nagar, Delhi - 110059, Near Station Uttam Nagar East"
Burma Burma,"""+(91)-124-4372999""","Shop Number-6,Ground Floor,Building 8, Tower C, Dlf Cyber City, Gurgaon - 122002, Near CyberHub,Phase 3"
Apni Rasoi Restaurant,"""+(91)-011-27605777""","Shop Number 7, Ground Floor, Mall Road, Kingsway Camp, Delhi - 110009, Oppsite Hakikat Nagar Mother Dairy, Near Gtb Nagar Metro Station Gate No 2"
Nathu Sweet Restaurant,"""+(91)-120-4259659""","G 63, Mansarover Shopping Complex, Noida Sector 18, Noida - 201301, Near Mcdonalds"
Shree Rathnam Restaurant,"""+(91)-120-2777771""","Kaushambi Metro Station, Ground Floor, Kaushambi, Ghaziabad - 201012"
Hotel Saravana Bhavan,"""+(91)-011-41322929""","Food Court, Select Citywalk Mall, Saket, Delhi - 110017"
Annapurna Restaurant,"""+(91)-11-23857545""","Shop No-1811, Chandrawal Road, Malka Ganj, Delhi - 110007, Opposite Sethi Bakery"
Naivedyam Restaurant,"""+(91)-0124-4333215""","G-11, Vipul Plaza, Golf Course Road, Suncity, Gurgaon - 122011, Sector 54"
Udupi Krishna Restaurant,"""+(91)-11-23843264""","F-45, Kohlapur Road, Kamla Nagar, Delhi - 110007, Near Spark Mall"
Apni Rasoi,"""+(91)-11-47083842""","E -20/226, 2/3 Dividing Road, Rohini Sector 3, Delhi - 110085, Near Dawar Shoes & Travels"
Bangla Sweets,"""+(91)-11-25106533""","Shop Number A-2, Najafghar Road, Kirti Nagar, Delhi - 110015, Opposite Metro Pillar No-329"
Apni Rasoi,"""+(91)-9711746204""","Shop No- A2., Main Road., Ganesh Nagar, Delhi - 110092, Near D Park."
Karnataka Restaurant,"""+(91)-124-4045451""","Sco-82-83, Palam Vihar Road, Service Road, Gurgaon Sector 22, Gurgaon - 122015, Upper Dominoz"
Sagar Ratna,"""+(91)-011-26899700""","5/5 A, Basement, Vasant Kunj, Delhi - 110070, Central Market, Masoodpur, Opposite Basant Squre Mall"
Swastik Restaurant,"""+(91)-11-65807019""","Shop Number GS 70, Sewak Park, Dwarka More, Delhi - 110059, Near Dwarka More Metro Station"
Sagar Ratna,"""+(91)-11-22751576""","A-1, First Floor, Mayur Vihar Phase 1, Delhi - 110091, Near Sheetla Mata Mandir, Acharya Niketan, Pandav Nagar"
Anupam Sweet House31,"""+(91)-9810796081""","Ch. Hetram Complex , Pills Kothi, Sector 30-31 Dividing Road, Sector 31, Faridabad - 121003"
Pakwan,"""+(91)-0124-4051351""","Plot Number 164/11, Old Railway Road, Shivpuri, Gurgaon - 122006, Near Raj Bakery"
Kadimi Foods Pvt Ltd,"""+(91)-011-42770202""","Pocket-4, Second Floor, Plot Number-7, Above HDFC Bank, Dwarka Sector 11, Delhi - 110075, Near Kargil Chowk"
Grover Sweets,"""+(91)-11-25358272""","Plot Number-1, Dwarka More, Delhi - 110059, Near Metro Pillar No - 781,  Diwan Estate, Bhagwati Garden"
Ramesh Vaishno Dhaba,"""+(91)-9873778861""","House Number 11, Shivpuri-chandar Nagar, Delhi - 110051, Near Dominos Pizza"
Veg Gulati,"""+(91)-11-23388830""","Shop Number 8, Near By India Gate, Pandara Road, Delhi - 110003, Opposite Bikaner House, Near India Gate"
Sattvik Restaurant,"""+(91)-11-40599913""","S- 05, Second Floor, Select City Walk Mall, Saket, Delhi - 110017, A3 District Centre"
Sagar Ratna,"""+(91)-11-47070215""","Fd-02, Upper Ground Floor, Pitampura, Delhi - 110034, Near Metro Station Gate Number-3, Madhuban Chowk"
Kake Di Hatti,"""+(91)-011-47321080""","Shop Number-G 20, Vijay Nagar, Delhi - 110009, Near NDPL Office"
The Karnataka,"""+(91)-11-29531641""","A- 89 & 90, Ignou Road, Neb Sarai, Delhi - 110068, Near Freedom Fighter Colony, Near Sainik Farm"
Dilli Darbar Food Pvt Ltd,"""+(91)-9210161500""","No C 448, Main 100 Feet Road, Shahdara, Delhi - 110032, Opposite Rajiv Raj Bajaj Showroom"
Govindas Restaurant,"""+(91)-11-41094042""","Iskcon Temple Complex, Sant Nagar Main Road, East Of Kailash, Delhi - 110065, Near"
Wah Ji Wah Restaurant,"""+(91)-9205200205""","Shop No 142, Rohini Sector 24, Delhi - 110085, Near Canara Bank Pocket 26"
Mohan Dhaba,"""+(91)-9910252976""","Plot No -629, Main Road, Vaishali Sector 5, Ghaziabad - 201010, Near Ramprastha Greens"
Shudh Restaurant,"""+(91)-11-45000355""","17 A/32, Gurudwara Road, Karol Bagh, Delhi - 110005, Opposite Jessa Ram Hospital"
Imly Courtyard,"""+(91)-8510900070""","B1/1, Ashok Vihar 1, Delhi - 110052, Near Satyawati Collage"
A2B Veg Restaurant,"""+(91)-11-26532691""","S 18, Green Park, Delhi - 110016, Main Market"
Simply South,"""+(91)-0120-6692259""","Shop Number-1, Jagat Farm, Gamma 1-Greater Noida, Noida - 201310, Near Gamma-1,Jagat Farm"
Chatore.e.e A Pure Vegetari..,"""+(91)-9873375007""","G-7, Vardhman Century Plaza, GU Block, Pitampura, Delhi - 110034, Near Maharaja Aggrasain Public School"
Shubham Restaurant,"""+(91)-11-22139000""","A-4, Main Mandoli Road, Mandoli Saboli, Delhi - 110093, Near Nathu Colony Chowk"
Mysore Cafe,"""+(91)-11-23013750""","Shop No-12, Defence Headquarter, Delhi - 110011, South Avenue Market"
Bhaja Govindam Restaurant,"""+(91)-11-40634721""","Delite Cinema Building Number-4/1,Ground Floor,Delite Cinema, Delite Cinema Building Asaf Ali Road, Asaf Ali Road, Delhi - 110002, Opposite Gb Pant Hospital"
Dharma Vaishno Dhaba,"""+(91)-129-2280101""","Mathura Road HIGHWAY, Faridabad Sector 12, Faridabad - 121007, Near City Mall"
Smelling Salts,"""+(91)-11-47775012""","C-2/13, Phase 2, Ashok Vihar 2, Delhi - 110052, Near Bata Showroom"
Sagar Ratna Restaurant,"""+(91)-11-42473769""","101, 1st Floor, Plot Number-22, Bazaar Marg, Old Rajender Nagar, Delhi - 110060, Above Dominos Pizza, Near Metro Pillar No111"
Wah Ji Wah Restaurant,"""+(91)-8527746288""","Shop No G 3, Sachdeva Plaza, Mayur Vihar Phase 2, Delhi - 110091, Near Neelam Mata Mandir"
Wah Bhai Wah Restaurant,"""+(91)-9250179212""","A-1/168-169, Main Road, Rohini Sector 4, Delhi - 110085, Near Saint Giri School"
Eleven To Eleven Restaurant,"""+(91)-011-42111856""","R- 1, 3rd Floor,Cross River Mall, Karkardooma, Delhi - 110092, Near Karkardooma Court"
M Dosa Express,"""+(91)-9990111058""","E-56, Jail Road, Delhi - 110058, Opposite Fateh Nagar Gurudwara"
Seasonings The Spice Myster..,"""+(91)-11-45613555""","B 1/6, Ground Floor, Chaudhary Gulab Singh Marg, Ashok Vihar 2, Delhi - 110052, Near Satyawati College"
Bunty Dhaba,"""+(91)-11-22376270""","G8, Aditya Corporate Plaza, Karkardooma, Delhi - 110092, Near Community Centre"
Bunty Dhaba,"""+(91)-011-22371518""","G-8,Aditya corporate plaza community center, Main road, Karkardooma, Delhi - 110092, Near Karkardooma Metro Station,Dayanand Vihar"
Vaishno Punjabi Dhabha,"""+(91)-11-32559590""","E 16/289, Rohini Sector 8, Delhi - 110085, Near M2k Rohini"
Carnatic Cafe,"""+(91)-11-41708631""","M-21, Greater Kailash 2, Delhi - 110048, M Block Market"
Mainis Green Leaf,"""+(91)-120-2773100""","Shop No-3, Ground Floor, Kaushambi Metro Station Building, Kaushambi, Ghaziabad - 201012"
Raj Bhog Food India,"""+(91)-7428750009""","12 Inder Enclave, Main Rohtak Road, Inder Enclave, Delhi - 110087, , Opposite Udyog Nagar and Near Metro Pillar No-311"
Honeys Veg,"""+(91)-7999799911""","Shop No.105, On Road, Dr Mukherjee Nagar, Delhi - 110009, Bhai Parmanand Colony, Near Batra Cinema"
Darbar Restaurant,"""+(91)-11-23547777""","8956, Pahar Ganj, Delhi - 110055, Opposite Bikaner Sweets, Chowk Multani Dhanda"
Ashirwad Restaurant,"""+(91)-0129-2261222""","Sco-18-19-20, Faridabad Sector 16, Faridabad - 121002, Near Laxmi Narayan Mandir"
Dilli Light Chur Chur Naan,"""+(91)-0124-4833348""","Sco 40, Gurgaon Sector 31, Gurgaon - 122001, Near Om Sweets, Huda Market"
Rajbhog Restaurant,"""+(91)-011-66103607""","21-A, Main 40 Feet Road, Jain Nagar, Delhi - 110081, Opposite Rohini Sector 22"
Pummy Paradise Restaurant P..,"""+(91)-11-33106262""","14 A, Pocket I, Dilshad Garden, Delhi - 110095, Opposite Pummy Sweets, Pocket I"
Sagar Ratna,"""+(91)-11-41040435""","Shop Number B1/H9, Mathura Road, Delhi - 110044, Near Haldirams"
Udupi Cafe,"""+(91)-11-23353666""","5, Pratap Bhawan, Bahadur Shah Zafar Marg, Ito, Delhi - 110002"
Bite Bikaner,"""+(91)-11-41574670""","Shop Number-C-1/1, Janakpuri, Delhi - 110058, Opposite Mata Chandan Devi Hospital"
Sukhsagar Vaishno Hotel,"""+(91)-9991887686""","Bilaspur Gurgaon, Gurgaon - 122413, Near Bilaspur Chowk, National HIghway 8 .old Bharat Ptrol Pump"
Dau Ji Sweets And Restauran..,"""+(91)-9818848530""","Shop Number 19-20, Roshan Lal Plaza, Noida Sector 2, Noida - 201301, Near Yatharth Hospital"
Vikrant Cafe,"""+(91)-011-23845846""","13-A, G T Road, Kamla Nagar, Delhi - 110007, Opposite Birla Mill"
Wah Ji Wah Restaurant,"""+(91)-011-22810900""","Shop Number 7-8, 1449/B-1, Main 100 Feet Road, Durgapuri-shahdara, Delhi - 110032, Opposite MBO Mall"
Mitra Da Dhaba,"""+(91)-011-42415002""","X-57, Ground Floor, West Patel Nagar, Delhi - 110008, Near Kalinga Chowk"
Shri Kanha Restaurant,"""+(91)-9891993877""","Shop No 1, Beta 1-greater Noida, Noida - 201310, Near Rampur Jahangir, Cm Market, Near Authority Gol Chakkar"
Da Pizza Palace,"""+(91)-7840095042""","A-6, Main Kanjawala Road, Budh Vihar, Delhi - 110086, Near Anupam Vatika, Krishna Vihar"
Suvidha Vegetarian Restaura..,"""+(91)-011-23272981""","Shop Number 3058, Netaji Shubash Marg, Darya Ganj, Delhi - 110002, Near Golcha Parking"
Radha Krishna Choley Bhatur..,"""+(91)-9654634559""","115, Priya Enclave, Karkardooma, Delhi - 110092, Opp AGCR Enclave Karkardooma Court"
Ram Ji Di Hatti & Caterers,"""+(91)-9650438007""","BE-324, Gali No-4, Hari Nagar, Delhi - 110064, Opposite MIG Flats"
Maini Restaurant,"""+(91)-120-2643500""","Shop No-4-5, Surya Nagar, Ghaziabad - 201011, A-Block Market, Right Opposite Vivek Vihar"
Ridhi Sidhi Family Restaura..,"""+(91)-9899590049""","449/450, Bhim Nagar, Gurgaon - 122001, Near Ramleela Ground"
Madan Sweet & Food Point,"""+(91)-0120-6514234""","Shop Number 126, Nehru Nagar, Ghaziabad - 201001, Opposite J K Complex"
Raina Di Hatti,"""+(91)-0129-4168111""","12/2, Shop Number 23, 24, 25, Main Mathura Road, Faridabad Sector 37, Faridabad - 121003, Opposite Metro Pillar Number-75"
The Mint Restaurant,"""+(91)-11-45605355""","Manish Link Road Plaza, Dwarka Sector 5, Delhi - 110075, Near Ashirwad Chowk"
Shakahari Restaurant,"""+(91)-11-23277336""","Shop Number 3624/9, Chawri Bazar, Delhi - 110006, Near Metro Station"
Sagar Ratna,"""+(91)-120-4262626""","Omaxe NRI City Centre, Knowledge Park 1-Greater Noida, Noida - 201310, Near Pari Chowk , Greater Noida"
Sagar Ratna,"""+(91)-0120-4276140""","C-18B, Astoria Boulevard Mall, Rdc-Raj Nagar Ghaziabad, Ghaziabad - 201002, Near Hint Chowk"
Apni Rasoi,"""+(91)-9899775278""","Shop No-3767-A/2, Main Road, Tri Nagar, Delhi - 110035, Opposite Kanhiya Nagar Metro Station"
Laddu Gopal Restaurant,"""+(91)-9868827614""","Shop No-727, Old Railway Road, Bhim Nagar, Gurgaon - 122001, Near Auto Parts Market"
Khana Khazana Restaurant,"""+(91)-9250922900""","B-4/158, Dividing Road, Rohini Sector 7, Delhi - 110085, Near M B Jewellers"
Chawla De Mashhoor Special ..,"""+(91)-11-20023717""","8955, Chowk Multani Dhanda, Pahar Ganj, Delhi - 110055, Opp Bikaner"
Hotel Milan Plaza,"""+(91)-129-2290074""","Scf 1 & 2, Faridabad Sector 11, Faridabad - 121006, Nr,Escort Mujesar Metro Station"
Sagar Ratna,"""+(91)-011-41610698""","C-32, Amar Colony-lajpat Nagar, Delhi - 110024, Near Main Market"
Rasoi Delivery,"""+(91)-9910009107""","5/5,Gaur Galaxy, Main Road, Vaishali Sector 5, Ghaziabad - 201010, Near Shopprix Mall"
Kathputli Restaurant,"""+(91)-11-41552046""","Shop No-35, Defence Colony, Delhi - 110024, Defence Colony Market"
Fauji Da Dhaba,"""+(91)-9991800597""","54 , Milestone , NH-8, Manesar, Gurgaon - 122052, Near Raj Riffles Centre , Gurgaon"
Bunty Punjabi Chole Bhature..,"""+(91)-9911448778""","52, Nyay Khand-2, Kala Pathar Road, Indirapuram, Ghaziabad - 201014, Opp.Mahagun Mension"
Kake Di Hatti (D Mall),"""+(91)-11-43090359""","G 21,D Mall, Netaji Subhash Place Complex-pitampura, Delhi - 110034"
Tite Da Dhaba,"""+(91)-7678229401""","Shop Number-B595., Shivji College Road, Raghubir Nagar-tagore Garden Extension, Delhi - 110027, Near Mehta Chowk."
Sham Sweets & Snacks,"""+(91)-124-2335588""","Shop Num289/2, Old Delhi Road, Gurgaon Sector 14, Gurgaon - 122007, Near Telephone Exchange, Opposite Basant Apartment"
Rajan Corner,"""+(91)-9650069178""","Building 6/27, Moti Nagar, Delhi - 110015"
Panchavati Gaurav Restauran..,"""+(91)-0124-4949634""","Shop No 20 & 21, Ground Floor, Dlf Cyber City, Gurgaon - 122002, Cyber Hub, National Highway 8"
Dilli Treat,"""+(91)-11-45506767""","B-2, Upper Ground Floor, New Rajender Nagar, Delhi - 110060, Near DDA Market"
Southy,"""+(91)-011-40254822""","Shop 9 , Ground Floor , Arunachal Building, Connaught Place, Delhi - 110001"
Moti Mahal Delux,"""+(91)-011-45768383""","Plot Number-240, H-17, Rohini Sector 7, Delhi - 110085, Opp Metro Pillar No 421"
Sagar Ratna,"""+(91)-011-42230207""","Shop Number E-8, Naraina Vihar, Delhi - 110028, Near PVR Priya Cinema and Axis Bank"
Wah Ji Wah Restaurant,"""+(91)-011-40044715""","Plot No 150, Rohini Sector 24, Delhi - 110085, Near By Babosa Chowk, Pocket 16"
Krishnam Restaurant,"""+(91)-0120-2764424""","H 432, H Block, Govindpuram, Ghaziabad - 201013, Near Gaur Square Mall"
Burma Burma (DLF Mall Of IN..,"""+(91)-0120-4372997""","Shop D 420B , Third Floor , DLF Mall Of India , Plot M-03, Noida Sector 18, Noida - 201301"
Indishh Barbeque & Grill,"""+(91)-8929625729""","Ambience Mall, T-315 3rd Floor, DLF City Phase 3, gurgaon - 122010"
Sanjay Chur Chur Naan,"""+(91)-9205052938""","Shop No- 6 & 7, Moolchand Metro Station Building, Main Road, Lajpat Nagar, Delhi - 110024, Near Under Metro"
Wah Ji Wah Restaurant,"""+(91)-9211114155""","Plot Number E-82, Shastri Nagar N, Delhi - 110052, Near Punjab National Bank & Metro Pillar Number 174"
Apna Dhaba,"""+(91)-11-28544640""","Shop Number-29-31, Gg-1, Vikaspuri, Delhi - 110018, Near Main Market"
Flavor Of Southwala,"""+(91)-011-49540022""","D-355, Vikas Marg, Laxmi Nagar, Delhi - 110092, Near Metro Station Gate No5"
Papa Chinese Foods,"""+(91)-11-66434432""","Shop Number-26/1, Jail Road, Ashok Nagar, Delhi - 110018, Near Tilak Nagar Metro Station"
Balaji Rasoi,"""+(91)-011-22015197""","C-8, Main Road, Laxmi Nagar, Delhi - 110092, Near Guru Ram Das Nagar"
Manpasand Restaurant,"""+(91)-124-4100849""","Shop Number 2 and 3, Palam Vihar Road, Gurgaon Sector 22, Gurgaon - 122015, Opposite Rotary Public School"
Sagar Ratna Restaurant,"""+(91)-11-41089050""","Shop Number-25,26,27, Dda Local Shopping Center, Greater Kailash Enclave 2, Delhi - 110048, Near Masjid Moth and HDFC Bank"
Mitra Da Dhaba,"""+(91)-7840090070""","Shop No-1/124, Sankar Road, Old Rajender Nagar, Delhi - 110060, Opposite PNB Bank"
Punjabi Zaika Vg,"""+(91)-11-64648001""","3539 A Raja Park, Rani Bagh, Delhi - 110034, Near Mahendra Park Chowk & Opposite Bikaner"
The Vilayati Dhaba,"""+(91)-9643027320""","857, Dr Mukherjee Nagar, Delhi - 110009, Near Batra Cinema"
Udupi Sai Sarovar Restauran..,"""+(91)-011-29841222""","Shop Number A-91B., Lajpat Nagar 2, Delhi - 110024, Near Style Shoes, Central Market"
Bikanervala Fine Dining Res..,"""+(91)-120-4811128""","Plot Number-6, Wave Silver Tower, First Floor, Noida Sector 18, Noida - 201301, Block-D, Near Mosaic Hotel and Noida Sector 18 Metro Station"
Tadka,"""+(91)-9811966531""","Shop Number 4986, Pahar Ganj, Delhi - 110055, Opposite Relax Hotel, Nehru Bazar"
Sagar Ratna,"""+(91)-120-4204347""","C 134 B, Ground Floor, Supertech Shopprix Mall, Noida Sector 61, Noida - 201307, Nr Kanchanjangha Maket"
Lala Ji Da Shudh Vaishno Dh..,"""+(91)-9871758758""","G-157, Main Najafgarh Road, Uttam Nagar, Delhi - 110059, Near Vishal Mega Mart, Opposite Metro Pillar No-676"
Santushti Vegetarian Restau..,"""+(91)-120-2440455""","Shop No 21,L Block Market, Noida Sector 11, Noida - 201301, Near Metro Hospital"
Bhukkad Gali,"""+(91)-11-49841400""","D-15/160,Ground Floor, Rohini Sector 3, Delhi - 110085, Near Ayodhya Chowk"
Shree Maakhan,"""+(91)-11-45873722""","Plot Number F  603, Dwarka Sector 7, Delhi - 110075, Near Ramphal Chowk, Palam Extension"
Punjabi Dhaba,"""+(91)-11-42051241""","Csc-5, Shop Number- 6/16, Rohini Sector 11, Delhi - 110085, Behind Veera Jain Hospital, Near D-3 DDA Market"
Govind Dhaba,"""+(91)-11-22585587""","Plot Number 4-A, Dilshad Garden, Delhi - 110095, Near H Pocket"
Bunty Chap Tandoori Junctio..,"""+(91)-0120-2790355""","3-B-2, Shop No-9-10, Nehru Nagar 3, Ghaziabad - 201001, Near Holy Child Chowk, B Block"
Rahul Rasoi Restaurant & Ca..,"""+(91)-11-25269088""","Shop No- 23/B-1,DDA Market, Paschim Vihar, Delhi - 110063, Near Main Market"
Singlas Restaurant,"""+(91)-7290063531""","1963/2, Narela, Delhi - 110040, Near Raghunath Mandir , Main Bazar"
Devirams,"""+(91)-0124-4690888""","Shop Number 88, Ground Floor, Eros City Square Mall, Gurgaon Sector 49, Gurgaon - 122018, Near Sector 50"
New Tera Hotel,"""+(91)-9311117677""","Shop No 4, Karol Bagh, Delhi - 110005, Gaffar Market"
Southy Restaurant,"""+(91)-11-41088644""","No 88/4, Aurobindo Marg, Adchini-sarvodaya Enclave, Delhi - 110017, Near Govardhan Restaurant"
Sabki Rasoi Madras Cafe,"""+(91)-9999682383""","Shop No B-173, B Block, Dwarka Sector 7, Delhi - 110075, Near Honda Showroom"
Town Darbar,"""+(91)-0129-4870505""","Plot Number 1g/47, Faridabad Nit, Faridabad - 121001, Near Kalyan Singh Chowk"
Amritsari Vaishno Dhaba,"""+(91)-7503831176""","Pillar No.782, Dwarka, Delhi - 110075"
Apni Rasoi,"""+(91)-11-32457368""","Shop Number-150, Pocket B 6, Rohini Sector 8, Delhi - 110085, Near Swimming Pool"
Shree Rathnam Restaurant Pv..,"""+(91)-11-42427771""","G-78, Preet Vihar, Delhi - 110092, Oppsoite Metro Pillar No-101"
Shree Rathnam Restaurant,"""+(91)-0120-7133022""","Shop Number-C-135,Indirapuram Habitat Center, Ground Floor, Ahinsa Khand 1-indirapuram, Ghaziabad - 201014, Near ATS Advantage"
New Kadimi Food Pvt Ltd,"""+(91)-11-45034900""","A-40, Rajouri Garden, Delhi - 110027, Near Vishal Enclave, Opposite TDI Mall"
Shree Rathnam Restaurant,"""+(91)-0120-2986772""","Shop No 19 & 20, Paramount Spectrum, Main Road, Crossing Republik, Ghaziabad - 201016, Near Abes Engineering College"
Punjabi Chulha,"""+(91)-8800304019""","Shop 16, , Sector 21 , Faridabad, Faridabad Sector 21, Faridabad - 121001, Near- Comissioner Office"
Angithi Pure Veg Soya Chaap,"""+(91)-9268880999""","E-48, Raj Nagar Ghaziabad, Ghaziabad - 201002, Near Sector 10 Market, Near Ramleela Ground"
Sagar Ratna Restaurant,"""+(91)-0120-4373126""","Galaxie Multiplex Shopping Mall, Main Link Road, Sahibabad Ho, Sahibabad - 201005, Opposite Supertech Apartment, Near Vaishali Metro Station"
Bengal Sweet Corner,"""+(91)-11-27417524""","36, Suman Tower, Central Market, Ashok Vihar 1, Delhi - 110052, Opposite Police Station"
Gupta Rasoi,"""+(91)-124-4011347""","Shop.no. Scf-57-58, Sector 17a, HUDA Market, Gurgaon Sector 17, Gurgaon - 122001, Near Axis Atm"
Karans Vaishno Dhaba,"""+(91)-11-25938873""","B-13 & 14, Ramesh Nagar, Delhi - 110015, Near Gol Chakkar, Tilak Market"
Apni Rasoi,"""+(91)-9911114789""","Shop No-301,302, Main Railway Road, Laxman Vihar, Gurgaon - 122001, Opposite Apna Enclave"
Dwarka Restaurant,"""+(91)-11-32972797""","X-59, Ground Floor, West Patel Nagar, Delhi - 110008, Near Kalinga Chowk"
New Chappan Bhog,"""+(91)-011-22910558""","C-3/157, Main Road, Yamuna Vihar, Delhi - 110053, Near Jain Mandir"
Anand vaishno Dhaba,"""+(91)-9873489895""","Shop No Wz 53, Dayalsar Road, Uttam Nagar, Delhi - 110059, Near Adarsh Model School"
Shree Rathnam,"""+(91)-120-33058329""","Shop no-1, KSN Square, Vasundhara Sector 3, Ghaziabad - 201012, Near Vishal Mega Mart"
Shubham Eating Corner,"""+(91)-11-22523326""","Shop Number B-19/A, Main Vikas Marg, Shakarpur, Delhi - 110092, Near Metro Pillar Number- 43"
Carnatic Cafe,"""+(91)-9667180466""","32nd Milestone , NH 8, Gurgaon Sector 14, Gurgaon - 122007"
Aashirwad Restaurant,"""+(91)-011-41112703""","Shop No B -31/125,Gurunanak Pura, Mangal Bazar ROAD, Laxmi Nagar, Delhi - 110092, Behind Maharaja Banquet"
Pummy Food Zone,"""+(91)-11-47580505""","Shop No 15, Main Road, Dilshad Garden, Delhi - 110095, Near Shani Mandir, O & P Market"
Rumours,"""+(91)-9716428428""","288,  AGCR Enclave, Karkardooma, Delhi - 110092"
Chef Panda,"""+(91)-9540395888""","Shop Number- 5 & 6, 1st Floor, Main Meerut Byepass Road, Raj Nagar Extension Ghaziabad, Ghaziabad - 201017, Near Ajnara Interigrity Building"
Wah Ji Wah Restaurant,"""+(91)-9911975558""","Plot Number- 5, Naveen Park, Sahibabad - 201005, Opposite Rajendra Nagar Sector-5"
Shree Rathnam (Vvip Style M..,"""+(91)-9773611771""","Vvip Style Mall, 1st Floor, Shop No. 130 to 135, Meerut By Pass Road, Raj Nagar Extension Ghaziabad, Ghaziabad - 201017, Hira Sweets"
Chadha Bhojnalaya,"""+(91)-11-27129125""","B-3/24, Main Road, Model Town 1, Delhi - 110009, Near Model Town Metro Station"
Kamal Dhaba,"""+(91)-0120-2882567""","B-19,Mela Plaza, Vasundhara Sector 16, Ghaziabad - 201012, Near Rahul Dairy"
Firangi Cafe,"""+(91)-9999831234""","Shop 2, 183/1, Sector 28 , Faridabad, Main Link Road, Faridabad Sector 28, Faridabad - 121008"
Chilliz,"""+(91)-011-45150444""","Shop No-G-12, Gujranwala Town, Delhi - 110009, Near Bablu Kabab"
Angna Veg Restaurant,"""+(91)-9999564438""","Shop No 40 , 1st Floor , D -Block Market, Pitampura, Delhi - 110034, Pushpanjali Enclace"
Ashu Bhature Wala,"""+(91)-9899252699""","150, Rohini Sector 8, Delhi - 110085, Near Kendriya Vidyalaya"
Rajasthani Jeeman Restauran..,"""+(91)-8957318929""","Plot Number.218, Shakti Khand 2-Indirapuram, Ghaziabad - 201014, Opp D-mall"
Anna,"""+(91)-9911006611""","SF-10 2nd Floor, Ansal Palza, Main Road, Palam Vihar, Gurgaon - 122017"
Shri Hari Restaurant,"""+(91)-011-46540333""","Shop Number J-30B, Main Market Road, Lajpat Nagar 2, Delhi - 110024, Near Center Market"
Khana Khazana Restaurant,"""+(91)-11-25396000""","B-24A, Mahavir Enclave, Delhi - 110045, Near Sector-1A, Dashrath Puri"
Haveli Restaurant,"""+(91)-120-4160020""","SHOP NO.-28,29,31 Express Garden Market, Shipra Mall Road, Vaibhav Khand-indirapuram, Ghaziabad - 201014, Near Shipra Mall Opposite Habitat Center"
Gyans Restaurant,"""+(91)-011-25815281""","Shop  No 28/10, East Patel Nagar, Delhi - 110008, Near Central Market, Opposite Neel Kanth Mandir"
Shree Durga Dosa Corner,"""+(91)-011-25268788""","Gh - 14,561, DDA Market, Paschim Vihar, Delhi - 110063"
Malik Vegetarian Restaurant,"""+(91)-8471022254""","13/4A Ward No-1, Mehrauli, Delhi - 110030, Near Mehruli Bus Terminal, Mehrauli Market"
Amrit Family Rasoi,"""+(91)-11-25265565""","Bg-6, Shop Number  2, Main Road, Paschim Vihar, Delhi - 110063, Dda Market"
Maestro Cafe,"""+(91)-9811624972""","B-14,, Deep Cinema Complex, Ashok Vihar 1, Delhi - 110052, Near Deep Market"
Rana 3 H Haveli Restaurant,"""+(91)-011-64722201""","1640 A, First Floor, Thana Road, Najafgarh, Delhi - 110043, Near Muthoot Finance"
Village The House Of Food,"""+(91)-11-22750101""","B-1, Main Road, Mayur Vihar Phase 1, Delhi - 110091, Near Reliance Fresh , Acharya Niketan"
Bunty Dhaba,"""+(91)-9911123730""","410,, Jheel Khurenja-krishna Nagar, Delhi - 110051, Opposite 310 Bus Stop"
Wah Ji Wah Restaurant,"""+(91)-9871138299""","Shop No-1908, Main Road, Chandni Chowk, Delhi - 110006, Opposite Sheesh Ganj Gurudwara"
Haldirams,"""+(91)-8588000869""","World Square Mall Ground Floor, Mohan Nagar, Ghaziabad - 201007, Near Narinder Mohan Hospital"
Gazibo Restaurant,"""+(91)-120-4228333""","Shop No 28 Windsor  Street Market, Nyay Khand 2-Indirapuram, Ghaziabad - 201014"
The Brijwasi Restaurant,"""+(91)-011-23844202""","A 89, Kamla Nagar, Delhi - 110007, Bhatiya Chowk"
Wah Ji Wah Restaurant,"""+(91)-11-66992494""","Shop Number- A- 36, Main Kanjhawla Road, Budh Vihar Phase 1, Delhi - 110086, Near Axis Bank ATM"
New Bangla Restaurant,"""+(91)-11-27384604""","Shop Number 2094/165, Ganesh Pura Road, Tri Nagar, Delhi - 110035"
New Raja Vaishno Bhojanalya,"""+(91)-9818297918""","Plot Number- 1, G T Road, Mohan Nagar, Ghaziabad - 201007, Opposite Sales Tax Barrier"
Sona Pure Vegetarian Paradi..,"""+(91)-11-41657626""","53 & 54,First Floor,Goverdhan House, Nehru Place, Delhi - 110019, Opposite Sona Sweets"
Sagar Ratna,"""+(91)-0124-6900009""","One Horizon Center , Gurgaon, Golf Course Road, Gurgaon - 122003"
Rajshree Restaurant And Par..,"""+(91)-9999764710""","C-1/9, Lal Quator, Main Road, Krishna Nagar, Delhi - 110051, Above Archies Gallery"
Anupam Restaurant,"""+(91)-129-4030706""","A-32, Faridabad Nit, Faridabad - 121001, B K Chowk, Near Frontier Colony"
Ved Dhaba,"""+(91)-11-23850931""","5307, Shree Ram Building, Chandrawal Road, Jawahar Nagar, Delhi - 110007"
64 By 6,"""+(91)-0120-4180000""","C/O Country Inn & Suites By Carlson, Sahibabad Industrial Area, Ghaziabad - 201010, Near Site 4, Near Vaishali Metro Station"
New Bal Gopal Bhojanalaya,"""+(91)-9266680777""","E-1/6, Main Road, Pandav Nagar, Delhi - 110092, Near Mother Dairy"
Cafe Turtle,"""+(91)-11-24655642""","23, 2nd Floor, Middle Lane, Khan Market, Delhi - 110003"
Hari Om Rasoi,"""+(91)-0124-6542776""","Shop Number 291/5, Main Madan Puri Road, Street Number 5, Old Railway Road, Gurgaon Sector 8, Gurgaon - 122001, Near Pataudi Chowk"
Puratan Family Restaurant,"""+(91)-11-43514006""","Shop Number-202, 2nd Floor, Garg Trade Centre, Rohini Sector 11, Delhi - 110085, Near G3S Cinema Hall"
Triveni Restaurant,"""+(91)-11-22016984""","472-B, Dayanand Marg, Jheel Khurenja-Krishna Nagar, Delhi - 110051, Near Tanga Stand"
Wah Ji Wah Restaurant,"""+(91)-124-2571095""","Shop Number 149-150, HUDA Market, Gurgaon Sector 56, Gurgaon - 122011, Near Huda Market"
Vyanjan Restaurant,"""+(91)-9311113571""","Shop Number Aj-52, Shalimar Bagh, Delhi - 110088, Opp Dominos"
Shree Rathnam,"""+(91)-11-41063009""","Hl-5, Jail Road, Hari Nagar, Delhi - 110064, L Block, Opposite Santoshi Mata Mandir"
Nakshatra Punjabi Rasoi Res..,"""+(91)-11-27557474""","Shop No-351, Central Aggarwal Plaza, 3rd Floor, Rohini Sector 9, Delhi - 110085, D C Chowk"
New Frontier Hotel,"""+(91)-11-28721620""","Shop Number-2, Arya Samaj Road, Ajmal Khan Road, Karol Bagh, Delhi - 110005, Gaffar Market"
Akashdeep Restaurant,"""+(91)-11-23271390""","Shop Number-3627,1st Floor, Netaji Subhash Marg, Darya Ganj, Delhi - 110002, Golcha Cinema Corner"
Priya Panchavati Restaurant,"""+(91)-11-22913104""","C-11/8, YAMUNA VIHAR, Yamuna Vihar, Delhi - 110053, Near Mcd Daftar,C Block"
Shiv Restaurant,"""+(91)-0129-2295356""","Booth No-122-123, Huda Market, Faridabad Sector 17, Faridabad - 121002, Near Community Centre"
Wah Bhai Wah,"""+(91)-129-61495240""","Shop Number-101, Faridabad Sector 7, Faridabad - 121006, Near ICICI Bank,Huda Market"
Captain Katora,"""+(91)-7838955190""","Shop Number B 3/43a, Yamuna Vihar, Delhi - 110053, Near Bhajanpura Petrol Pump , B Block"
Gulab Wala,"""+(91)-11-28723939""","53/5 , Deshbandhu Gupta Road , (Opposite Manas Mandir), Karol Bagh, Delhi - 110005"
Wah Ji Wah Restaurant,"""+(91)-8750000858""","Shop No.9083, Parade Ground, Polo Road, Vijay Nagar, Delhi - 110009, Near Shani Mandir"
Wah Ji Wah Restaurant,"""+(91)-9873416844""","Vijay Nagar, Delhi - 110009, Near Shani Mandir"
Shri Radha Ki Rasoi.,"""+(91)-011-61495064""","Shop Number- 1, Dwarka More, Delhi - 110059, Near Rama Park, Opposite Metro Pillar No 771"
Shree Jee Rasoi,"""+(91)-9818114695""","5, Pratap Bhawan, Bahadur Shah Zafar Marg, Ito, Delhi - 110002, Near Times Of India Passport Office"
Aapki Rasoi,"""+(91)-011-47557475""","G-13, 14, West Enclave-Pitampura, Delhi - 110034, Near Vardhman Market"
Aapki Rasoi,"""+(91)-11-64701463""","Shop No-3207,Mahendra Park, Rani Bagh, Delhi - 110034, Near Fountain Chowk & Kali Mata Mandir"
Chinese Inn Restaurant,"""+(91)-9711102233""","Shop No-13/82, Gurudwara Road, Geeta Colony, Delhi - 110031, Near-Chawla Chicken"
Cafe 96 Square,"""+(91)-9971264093""","F-3/20, Krishna Nagar, Delhi - 110051, Near Vijay Chowk"
Shudh Vaishno Shanker Dhaba,"""+(91)-9716925114""","Shop 163, A-6 LSC DDA Market Paschim Vihar, Achievers Library, Paschim Vihar, Delhi - 110063, Near Paschim Vihar Sports Complex"
Vrinda Restaurant,"""+(91)-9711256215""","E-1, Street Number-5  Main Road, Karawal Nagar, Delhi - 110094, Sadatpur Extension"
Amritsari Chaap Corner.,"""+(91)-9810055621""","shop no- 5060/1, Sant nagar, Karol Bagh, Delhi - 110005, adjoining  Khalsa College"
Shagun Pure Vegetarian Rest..,"""+(91)-9212012024""","F1/13-14, DDA Market, Sultanpuri, Delhi - 110086, Opp. Bank Of Baroda"
Jai Shri Krishna,"""+(91)-9213813519""","Shop No.-09, Main IGNOU Road, Saiyad Ul Ajaib, Delhi - 110030, Opposite Anupam Appartment."
SGF - Spice Grill Flame,"""+(91)-9005565966""","Shop Number 54, Gurgaon Sector 31, Gurgaon - 122001, Near Bank Of Baroda, Huda Main Market"
Raj Shahi Restaurant,"""+(91)-0124-4072275""","Old Railway Road, Laxman Vihar, Gurgaon - 122006, Opp Sneh Hospital, Sector 3A, Gurugram"
Shiv Shankar Restaurant,"""+(91)-7042847243""","Shop Number-115, Paschim Vihar, Delhi - 110063, Near A 6 Block,LSC DDA Market"
Wah Ji Wah Restaurant,"""+(91)-9910160947""","Shop No.4, Village Dundahera, Old Delhi Gurgaon Road, Gurgaon Sector 21, Gurgaon - 122016, Village Dundahera"
Rasoi A Family Restaurant,"""+(91)-9718217994""","Plot No-15, Shop Number-1, Extension 1,Budh Bazar Road, Shalimar Garden, Sahibabad - 201005, Near Gate No-8"
Aashirwad Fine Dining Resta..,"""+(91)-7840001326""","E-10, Ground Floor, Main 100 Feet Road, Jyoti Nagar West, Delhi - 110032"
THE Veggie BITES,"""+(91)-8377803803""","B-304, Saraswati Vihar, Outer Ring Road, Pitampura, Delhi - 110034, Near C-Block Bus Stand"
Moms Kitchen,"""+(91)-9999605756""","U 8/43, DLF City Phase 3, Gurgaon - 122010, Metro Station Gate No. 2"
Sultanat Pure Veg Lounge & ..,"""07947218359""","31 B C, Ground Floor, Aditya Mega Mall, Karkardooma, Delhi - 110092, Near Crossriver Mall"
Bhai Sweets Restaurant,"""+(91)-129-2304950""","Scf-46, Faridabad Sector 3, Faridabad - 121004, Near Huda Market"
Moti Mahal Delux Tandoori T..,"""+(91)-9654740005""","1644 C, Thana Road, Najafgarh, Delhi - 110043"
Hum Sabki Rasoi,"""+(91)-11-65583218""","S-1/68, Tilak Nagar, Delhi - 110018, Near Old Mahavir Nagar, Near JMD Auto"
Rasoi Deliver,"""+(91)-9910025216""","Shop Number K- 4, Indirapuram, Ghaziabad - 201014, Near Windsor Street Market & SPS Complex"
Apna Dhaba,"""+(91)-11-25122134""","BE-335 A, Main Road, Hari Nagar, Delhi - 110064, Opposite Vikrant Enclave"
Bikaners Sweets Snacks And ..,"""+(91)-7065025032""","Shop No-25,26,27,Arcade-A, Princely Estate, Noida Sector 76, Noida - 201304, Opposite Silicon City Gate No -2"
Hari Om Bhojnalaya,"""+(91)-9990307360""","30/9, Main Road, Karawal Nagar, Delhi - 110094, Near Mangal Bazar & Gola Factory, Prem Nagar"
Amritsari Express,"""+(91)-8010009023""","Shop Number 28, Road Number 44, Rani Bagh, Delhi - 110034, Opposite Chunmun Mall"
Moti Mahal Delux,"""+(91)-011-33105741""","157, Ground Floor, Kapil Vihar, Pitampura, Delhi - 110034, Oppoiste  Metro Pillar No"
Veer ji Malai Chaap Wale,"""+(91)-9999902373""","Shop 3, Plot 5, Local Shopping Complex, Rishabh Vihar, Karkardooma, Karkardooma, Karkardooma, Delhi - 110092, Near Karkardooma Court"
Cross Town Restaurant,"""+(91)-9015213280""","Plot No-188, G T Road, Achheja, Noida - 203207, Near Hero Motors"
The Kulchas,"""+(91)-7303514747""","Plot Number A 71,  Shop Number 1, Kalkaji, Delhi - 110019, Opposite HDFC Bank, Double Story"
Gurdasmaan Punjabi Khana & ..,"""+(91)-9999402559""","Shope No-D-1/17, Rohini Sector 15, Delhi - 110089, Near Manav Chowk"
Aam Aadmi Ke Pakwaan,"""+(91)-8168300129""","No 21 Ub, Momos Point Gali, Kamla Nagar, Delhi - 110007, Near Jawahar Nagar"
The Food Lounge Restaurant,"""+(91)-9999123413""","Plot No 09, Patpar Ganj Road, Shivpuri, Delhi - 110051, Near Dominos"
Spice Grill Flame,"""+(91)-7834907102""","Shop No-73, Ground Floor, Vikas Marg, Laxmi Nagar, Delhi - 110092, Near Metro Pillar Number 50"
Food Plus,"""+(91)-11-22502065""","WA-141, Krishna Mandir Road, Shakarpur, Delhi - 110092, Near Krishna Mandir"
Petu Ram,"""+(91)-8860601360""","Plot No-400, Main Road Bawana, Pooth Khurd, Delhi - 110039, Near G R International School"
Madras Cafe,"""+(91)-9716407807""","C-30, Shop Number-6, Madhu Vihar-patparganj, Delhi - 110092, Near Nirvana Society"
Delhi 6,"""+(91)-9999407408""","WZ-54-A/3, Budhela Village-Vikaspuri, Delhi - 110018, Near Central Market"
Chaska Food Corner,"""+(91)-9811148161""","11820, Panchshell Park, Main Road, Delhi - 110053, Shahdara"
Friends Restaurant,"""+(91)-011-42430443""","27A, Rajender Nagar Market, Old Rajender Nagar, Delhi - 110060, Near Main Market, Opposite Syndicate Bank"
Break Time,"""+(91)-129-4175050""","3B-4,BP, Main Road, Faridabad NIT, Faridabad - 121001, Near Dav College"
Kuteer Restaurant,"""+(91)-9313996851""","Khasra Number 303/2, Delhi Road, Bawana, Delhi - 110039, Main Bus Stand"
Shri Hari Sharnam Restauran..,"""+(91)-11-23867593""","1490-91, Kashmere Gate, Delhi - 110006, Near Ritz Cinema"
Sanskriti Foods,"""+(91)-9891068519""","Shop Number 2, Noida Sector 51, Noida - 201307, Near Hoshiyarpur Red Light, Main Market, Near City Pride"
Sagar Ratna,"""+(91)-120-2986550""","Hall Number-5, Tower-E, Crossing Republik, Ghaziabad - 201016, Near Bank Of Baroda, Gaur Global Village"
Royal Restaurant,"""+(91)-11-23411338""","Shop Number-81, Connaught Place, Delhi - 110001, Municipal Market"
Kerala Dosa House,"""+(91)-129-4010179""","Shop Number 2350, 7/8 Dividing Road, Faridabad Sector 7a, Faridabad - 121006, Near Vodafone Mini Store"
Manwhar,"""+(91)-11-23848995""","Shop Number-5, GT Road, Kamla Nagar, Delhi - 110007, Roop Nagar"
Shree Banke Foods,"""+(91)-9136000234""","9/24, Shivpuri, Shivpuri-Chandar Nagar, Delhi - 110051, Near Labour Chowk"
Suganya Restaurant,"""+(91)-9811060436""","BA/38a, BA Block, Main Road, Janakpuri, Delhi - 110058, Near Chhoti Sabzi Mandi"
Mr Singhs Tandoori Hut,"""+(91)-129-4026600""","5d/110, Faridabad NIT, Faridabad - 121001, Opposite Bijli Ghar"
The Masala Trail (Ansal Pla..,"""+(91)-011-49093717""","B Block, 104,First Floor, Ansal Plaza Mall, Anshal Plaza Moll, Khel Gaon, Delhi - 110049, Nr-HUdko Place"
Chaudhary Restaurant,"""+(91)-129-2280295""","Shop No - 24, Faridabad Sector 15, Faridabad - 121007, Near Police Post"
Tiffynn,"""+(91)-9315114043""","Shop No.1, DDA Market, Vasundhara Enclave, Delhi - 110096, Nr.agrsaen College"
Radha Ki Rasoi,"""+(91)-9953143384""","Rzn-D-184, Paschim Enclave, Delhi - 110087, Near Peera Garhi Metro Station,Opposite Maiden Crown Banquet Hall"
Shudh Restaurant,"""+(91)-9999672266""","C-17,18 Basement, Vasundhara, Ghaziabad - 201012, Near Sector-15, State Bank Of India"
Ghanshyam Veshno Hotel,"""+(91)-7053079085""","Shop No 76 A, Railway Station Road, Ghanta Ghar, Ghaziabad - 201001, Opposite Jain Mandir, Choti Bazariya"
Annapurna Pure Veg,"""+(91)-9999938600""","3/C/185, Faridabad Nit, Faridabad - 121001, Near Police Post Number 3"
Captain Food Factory,"""+(91)-9911583555""","1620-B/2, Thana Road, Telephone Exchange Street, Najafgarh, Delhi - 110043, Opposite Hdfc Bank"
Shree Ratans A Pure Veg Fin..,"""+(91)-11-27283030""","U-59, Lampur Road, Narela, Delhi - 110040, Near Under Pass/ Railway Station & Bus Terminal"
Choudhary Dhaba,"""+(91)-7065464732""","Sector 132 Rohillapur, Noida Sector 132, Noida - 201304, Main Tomar Market, Near Step By Step School"
Choudhary Dhaba,"""+(91)-8700684672""","Shop No-1 & 2, Noida Sector 132, Noida - 201304, Opposite Step By Step School"
Balaji Restaurant,"""+(91)-9818641962""","Krishna Park, Devli Road, Sangam Vihar, Delhi - 110044"
Sankalp Restaurant,"""+(91)-9811216447""","P- 15, Connaught Place, Delhi - 110001, Near Central"
Punjabi Zaika,"""+(91)-11-64004802""","1/5060 Buliding No., Desh Bandhu Gupta Road, Karol Bagh, Delhi - 110005, Near Khalsa College,Sant Nagar"
Shudh Vaishno Hotel,"""+(91)-11-45095200""","T- 32,33,34, Karampura, Delhi - 110015, Super Market,Opposite Milan Cinema,New Moti Nagar"
Radha Swami Vaishno Dhaba,"""+(91)-9250835166""","C 23, Uttam Nagar, Delhi - 110059, Near East Opposite Pali Factory"
Shri Krishna Dhaba,"""+(91)-011-28716748""","26B/12 , Desh Band Gupta Road , Anand Parvath, Karol Bagh, Delhi - 110005, Near Karol Bagh , New Delhi"
Gopi Vaishno Dhaba,"""+(91)-9971029036""","Plot No 619/7, Main Road, Chattarpur, Delhi - 110074, Truck Market, Opposite Tivoli Garden"
Bhola Dhaba.,"""+(91)-9810913747""","Shop Number-1, Hospital Road, Bhogal, Delhi - 110014, Near Guru Nanak Market,Jangpura."
New Utsav Rasoi,"""+(91)-9999469828""","B - 118, Shiv Mandir Road, Swaroop Nagar, Delhi - 110042, Near Shiv Mandir"
Bollywood Masala,"""+(91)-11-64647999""","E-4/7, Krishna Nagar, Delhi - 110051, Near Goyal Nursing Home"
Sagar Ratna (DLF Place Mall..,"""+(91)-8700751733""","2nd Floor,Food Cout , Dlf Place Mall, Saket, Delhi - 110017"
Chacha Ka Dhaba,"""+(91)-8882999309""","Shop Number- AM 03, Ansal Commercial Complex, Main Road, Omega 1, Noida - 201310, Near Alpha Golf Link 1st, Near Evergreen Sweets"
Saini Foods,"""+(91)-9999679641""","Shop No-1,Kaushik Complex, Gurgaon Sector 17, Gurgaon - 122001, Near Discovery Wine Shop &  IFFCO Chowk"
Pandit Ji Amritsari Kulcha ..,"""+(91)-9899697499""","RU- 22, Pitampura, Delhi - 110034, Opposite Power House, New Delhi"
Sagar Rathnam Restaurants P..,"""+(91)-11-23845234""","3F, Ground Floor, Kamla Nagar, Delhi - 110007, Near Bada Gol Chakkar"
The Brijwasi Restaurant,"""+(91)-011-23986090""","Shop Number-379, Main Road, Chandni Chowk, Delhi - 110006, Near Bikanerwala"
New Family Kailash Bhojnaly..,"""+(91)-9717859722""","A-10 /, Nasirpur Fatak Road, Ashok Nagar Ghaziabad, Ghaziabad - 201001, Near Holichild School"
Dosa Junction,"""+(91)-9717494200""","Surajkund Road, Surajkund, Faridabad - 121009, Near Eros Garden, Near 1st Indian Oil Petrol Pump, Charmswood Village"
Soni Bhojnalaya,"""+(91)-11-23981331""","161, Kuncha Ghasi Ram, Fatehpuri, Delhi - 110006, Near Fatehpuri Maszid"
Satyam Vegetarian,"""+(91)-011-69996666""","93, Sri Aurobindo Marg, Adchini-sarvodaya Enclave, Delhi - 110017, Near IIT Campus"
Om Bhojnalaya,"""+(91)-9718182544""","Plot Number 12, Beta 1-greater Noida, Noida - 201310, Near Rampur Market, Opposite Authority, Rampur Jagir"
Nbc Restaurant,"""+(91)-9540590213""","Shop No.2 , Building Number 1644/B, Thanna Road, Najafgarh, Delhi - 110043, Near Vikas Hospital , B Block"
Satguru Dhaba,"""+(91)-011-25730853""","Shop No-18/52,Grd Flr, East Patel Nagar, Delhi - 110008, Nr Neel Kanth Mandir"
Bunty Chaap Tandoori Juncti..,"""+(91)-9773906647""","Shop No-7 , Second Floor, Galleria Market-1, Crossing Republik, Ghaziabad - 201016, Near Golf Course"
Southern Treat Pure Veg Fam..,"""+(91)-120-4270372""","Shop Number-B1/31, Noida Sector 50, Noida - 201307, Near Noida City Centre, Central Market"
Rajesh Food Point (Pure Veg..,"""+(91)-9211778706""","B-4 Syndicate Enclave, Dabri, Delhi - 110045, Opp.pankha Road"
Shree Shyam Rasoi And Cater..,"""+(91)-9899303302""","Shop Number 8, Dharam Colony, Palam Vihar Road, Gurgaon - 122017, Opposite Power House"
A Dilli Restaurant,"""+(91)-9910253337""","A-6, Loni, Ghaziabad - 201102, Near Ram Park, Near Saharanpur Road"
Chamunda Cafe,"""+(91)-11-26916823""","Shop No-22, Okhla Industrial Area Phase 3, Delhi - 110020, Near Moser Bear 43b"
Sagar Ratna,"""+(91)-120-4212355""","R1 , 2 & 4 , Gulmohar Shopping Complex , Sector 15 C, Noida Sector 15, Noida - 201301"
Gupta Sweet Corner,"""+(91)-11-23363954""","129, Bangla Sahib Marg, Connaught Place, Delhi - 110001, Near Gol Market"
Balji Rasoi,"""+(91)-9312041712""","House No-467, Madanpuri Gurgaon, Gurgaon - 122006, Opposite Gali No-4"
ASAP - As Spicy As Possible,"""+(91)-9331933162""","Shop No. 16, Garden Galleria Market, Noida Sector 46, Noida - 201303"
Mr-Nitin,"""+(91)-11-61495119""","Shop Number-27/94 B, Shahdara, Delhi - 110032, Near Vishwas Nagar ,  Jwala Nagar , Tikona Park"
Dhaba Nh-10,"""+(91)-8285595595""","E -53 PHASE -2 First FLOOR, MAIN ROHTAK ROAD, Nangloi, Delhi - 110041, OPP METRO PILLAR NO-417"
Sardar Ji Malai Chap Wale,"""+(91)-9355307072""","Shop Number 24, Crossing Republik, Ghaziabad - 201016, Near Panchsheel Well Bazaar, Near By Airtel Office"
Bal Gopal Pure Vegetarian,"""+(91)-11-25971078""","Shop Number 46, Rajouri Garden, Delhi - 110027, Near Ansal Plaza Building,Dda Market"
Wah Ji Wah Restaurant,"""+(91)-129-33105728""","Shop Number 2, Main Surajkund Road, Faridabad Sector 41, Faridabad - 121010, Near Sector 41-42, Opposite Omaxe Forest Spa"
Anna South Indian Fast Food,"""+(91)-9811747746""","Shop Number-8, Ground Floor, Main Road, Lajpat Nagar 1, Delhi - 110024, Opposite Anand Chole Bhature, Main Krishna Market"
Kumar Punjabi Dhaba,"""+(91)-9718774620""","Site-1/608, Vikaspuri Road, Vikaspuri, Delhi - 110018, Near Vikaspuri Mod"
A One Family Restaurant,"""+(91)-9953329741""","B 41, Sector 1 Complex, Imt Manesar, Gurgaon - 122052, Near Savoy Suites"
Gulati Dhaba,"""+(91)-9811398212""","Wz-62/D, Janakpuri, Delhi - 110058, Passangi Pur Market, Near Durga Mandir"
Brijwasi Bhoj,"""+(91)-11-23971376""","Shop Number - 376, Main Road, Chandni Chowk, Delhi - 110006, Outside Kuncha Ghasi Ram"
Vanakkam Madras Cafe,"""+(91)-9868020232""","Shop No 1, H Block, Vikaspuri, Delhi - 110018, DDA Market, Near K R Mangalam School"
Peturams Pure Veg,"""+(91)-9873944772""","Add : Plot Number 180/5, Main Road, Vasundhara Sector 16, Ghaziabad - 201012, Near Agrasen Chowk"
Sonu Shuddh Bhojnalaya,"""+(91)-9910110694""","B-1/ 1b, Janta Flats, Mayur Vihar Phase 3, Delhi - 110096, Gd Colony, Main Market, Near Ryan International School"
Sehdev Saini Dhaba,"""+(91)-9213268190""","Saba Appartment, Main Dadri Road, Noida Sector 44, Noida - 201303, Near Village Chhelera, Near Sheetal Petrol Pump"
Asharam Foods,"""+(91)-11-41523612""","Shop Number-755, Chandni Chowk, Delhi - 110006, Near Katra Asharfi, Opposite Townhall"
Bikano Point,"""+(91)-8447828002""","Shop No-C-9/32, Rohini Sector 15, Delhi - 110089, Near Manav Chowk"
Aggarwal Sweets Corner,"""+(91)-011-45601816""","3/33, Double Storey, Shivaji Marg, Tilak Nagar, Delhi - 110018, Opposite Metro Station Gate No 2"
Sugandh Vegetarian Restaura..,"""+(91)-11-23273578""","4702/21, Ansari Road, Darya Ganj, Delhi - 110002, Near HDFC Bank"
Mainis Green Leaf,"""+(91)-011-66992588""","201-202 , Second Floor , Unity One Mall , CBD Ground, Shahdara, Delhi - 110032"
Rasam Kitchen Restaurant,"""+(91)-120-71565154""","D 33, Shyam Park Extension, Sahibabad - 201005, Near Diwakar Model School"
Wah Ji Wah Restaurant,"""+(91)-011-66992211""","B-23, New Krishna Park, Vikaspuri, Delhi - 110018, Near Janakpuri West Metro Station"
Cue Restaurant,"""+(91)-7678344864""","131, 1st Floor Mangalam Paradise Mall, Rohini Sector 3, Delhi - 110085, Near Kali Mata Mandir Deepali Chaowk"
Shree Ram Palace,"""+(91)-011-29250303""","Shop Number-7,, K Pocket, Sheikh Sarai 2, Delhi - 110017, Near Nera Transport Authority,Lsc Market"
Gopalaa Restaurant,"""+(91)-8459756336""","Shop Number- F- 24/69, Main Sector 6 & 7 Dividing Road, Rohini Sector 7, Delhi - 110085, Near Ayodhya Chowk"
PCC - Punjabi Chaap Corner,"""+(91)-11-65475557""","9, Community Center, Ashok Vihar Phase 2, Gurgaon - 122006, Opposite Satyawati College"
Madras Cafe,"""+(91)-011-66103950""","Shop Number-15-B/5, DDA MARKET, Rohini Sector 8, Delhi - 110085, Near Prestige Convent School"
Punjabi Jaika,"""+(91)-011-29813040""","C- 57, Central Market, Lajpat Nagar 2, Delhi - 110024, Near Lava Care"
Chimney Pure Veg,"""+(91)-9582440888""","JF 847, Gtb Enclave, Delhi - 110093, Near GTB Hospital, Dilshad Garden"
Kiara Soul Kitchen,"""+(91)-11-40367904""","M-30 1st Floor, Greater Kailash 2, Delhi - 110048, M Block Main Market"
Mota Ram De Chatpate,"""+(91)-9211925664""","Plot 79,, Pocket 10, Rohini Sector 20, Delhi - 110086, Sunday Bazar Road Royal Market"
Dawat Restaurant,"""+(91)-011-41447262""","C-2/9, Prashant Vihar, Delhi - 110085"
Pappu Di Hatti,"""+(91)-9971362165""","Shop No-C-2/11 12 13 14, Mangolpuri, Delhi - 110083, Dda Market"
Vaango,"""+(91)-124-4945923""","1St Floor,Cyber Hub,Food Court, Dlf Cyber City, Gurgaon - 122002"
Jhil Mil Food Point,"""+(91)-11-47023654""","Shop Number RZA-6, Palam Dabri Road, Dabri Extension, Delhi - 110045, Opposite Dada Dev Hospital"
